{"cameraMode":{"drawMode":0,"name":"Shaded","section":"Shading Mode"},"sceneLighting":true,"audioPlay":false,"sceneViewState":{"m_AlwaysRefresh":false,"showFog":true,"showSkybox":true,"showFlares":true,"showImageEffects":true,"showParticleSystems":true,"showVisualEffectGraphs":true,"m_FxEnabled":true},"in2DMode":false,"pivot":{"x":1.9241032600402833,"y":1.5957207679748536,"z":6.72397518157959},"rotation":{"x":0.07007026672363281,"y":0.10802112519741059,"z":-0.0025726782623678447,"w":0.9931695461273193},"size":7.893020153045654,"orthographic":false}