{"cameraMode":{"drawMode":0,"name":"Shaded","section":"Shading Mode"},"sceneLighting":false,"audioPlay":false,"sceneViewState":{"m_AlwaysRefresh":false,"showFog":true,"showSkybox":false,"showFlares":true,"showImageEffects":true,"showParticleSystems":true,"showVisualEffectGraphs":true,"m_FxEnabled":true},"in2DMode":false,"pivot":{"x":346.9095458984375,"y":123.02194213867188,"z":387.05230712890627},"rotation":{"x":0.10951834172010422,"y":0.5289053320884705,"z":-0.06865685433149338,"w":0.8389199376106262},"size":505.89080810546877,"orthographic":false}