{"cameraMode":{"drawMode":0,"name":"Shaded","section":"Shading Mode"},"sceneLighting":false,"audioPlay":false,"sceneViewState":{"m_AlwaysRefresh":false,"showFog":true,"showSkybox":false,"showFlares":true,"showImageEffects":true,"showParticleSystems":true,"showVisualEffectGraphs":true,"m_FxEnabled":true},"in2DMode":false,"pivot":{"x":-0.33942490816116335,"y":0.1537560224533081,"z":0.39442676305770876},"rotation":{"x":-0.09494370967149735,"y":0.8183953166007996,"z":-0.14158673584461213,"w":-0.5487902760505676},"size":0.7141428589820862,"orthographic":false}