{"cameraMode":{"drawMode":0,"name":"Shaded","section":"Shading Mode"},"sceneLighting":true,"audioPlay":false,"sceneViewState":{"m_AlwaysRefresh":false,"showFog":true,"showSkybox":true,"showFlares":true,"showImageEffects":true,"showParticleSystems":true,"showVisualEffectGraphs":true,"m_FxEnabled":true},"in2DMode":false,"pivot":{"x":-6.365220069885254,"y":0.9579324722290039,"z":-6.7159953117370609},"rotation":{"x":0.10217058658599854,"y":-0.24643921852111817,"z":-0.03141886740922928,"w":-0.9650023579597473},"size":-0.16515296697616578,"orthographic":false}